{
    "NumberofExtractionMachines": 0,
    "RangeSafeExtraction": 1000,
    "SafezoneMachine": [
        {
            "ExtractionsName": "Maiar_SafezoneExtraction",
            "Position": [
                4785.1533203125,
                339.1748962402344,
                10376.4755859375
            ],
            "Orienation": [
                150.0,
                0.0,
                0.0
            ]
        }
    ],
    "ExtractionMachine": [
        {
            "ExtractionsName": "Maiar_ExtractionPoint",
            "Position": [
                4783.703125,
                339.17486572265627,
                10398.1689453125
            ],
            "Orienation": [
                150.0,
                0.0,
                0.0
            ]
        },
        {
            "ExtractionsName": "Maiar_ExtractionPoint",
            "Position": [
                4779.72705078125,
                339.2370910644531,
                10395.5595703125
            ],
            "Orienation": [
                150.0,
                0.0,
                0.0
            ]
        },
        {
            "ExtractionsName": "Maiar_ExtractionPoint",
            "Position": [
                4774.5830078125,
                339.2370910644531,
                10393.0419921875
            ],
            "Orienation": [
                150.0,
                0.0,
                0.0
            ]
        }
    ],
    "SafezonePosition": [
        {
            "PossibleLocations": [
                4785.1533203125,
                339.1748962402344,
                10376.4755859375
            ]
        }
    ]
}